actual,predicted
1,3.751141001942711
16,18.246954476991686
7,8.615058666444032
3,6.634432073284748
13,14.415535311738674
13,10.292648293684211
17,16.448745584786636
3,4.6389040214747785
21,17.93173515290627
6,14.117214786963814
4,10.001029017801619
5,7.668069445190951
9,5.306420340092513
21,19.43545448893654
9,10.915244467043026
3,2.8999969249133364
21,20.70375
11,8.387460358148513
2,1.6180189147360686
21,20.72006250724364
9,14.293229870139637
2,2.50902498144236
4,4.645345999131338
12,14.249064695710954
13,12.541422112559841
20,18.990833333333335
22,18.62034253150947
13,13.969114120809433
20,18.394527018067237
14,15.794772560322876
3,3.9415385547696986
8,10.110751026755631
7,6.676053561938449
23,20.618930356813244
5,9.496046253934455
17,16.355646471359087
11,10.229243547403629
20,20.11164661356161
13,14.959646853725058
8,8.157655099327808
15,14.326816818045003
4,4.368334219895542
20,19.60292334924928
12,10.267180130816435
3,4.271092918782607
16,17.859670749794727
8,5.546563090892944
23,21.129061506997356
17,11.481814992389845
7,6.95114043102404
18,18.542724048592298
8,8.150736660277014
14,8.946552513592072
5,7.699088168098268
6,10.610577212279344
12,9.802467284638986
17,18.98135281770041
15,8.177049951904255
1,3.5142031462305443
15,17.845
19,14.605174041452006
10,11.169288087227745
3,2.766873198904698
20,19.158379540213062
11,5.790732840660254
4,4.366003436049668
14,11.036842105689338
14,6.959660855249157
9,11.182852507442048
7,13.130894440433465
24,20.709355509241714
12,13.928589138320474
5,5.882218067805195
10,10.454505469802173
12,12.799935475941268
12,13.745170980730508
10,12.79920625939083
7,9.394103460805594
20,19.89508317762826
11,7.669425004196154
14,14.218439385192939
15,17.54998067021994
10,13.944482920147498
4,4.4597053596056115
13,10.907543734037223
15,12.72577840384635
16,7.917613834547395
4,4.354634039430173
5,5.82465178053206
4,5.239560876908938
16,11.138961400878438
17,19.980861963842013
12,9.380315866364926
2,4.299923510043923
19,19.296667924615146
15,7.656061052919042
2,2.310626543557341
4,3.824891682469328
10,7.829473422729034
15,7.647321298407496
18,18.30997972385412
5,4.635418106926685
6,6.060178089924011
11,10.011412917204801
3,2.5084800671634744
18,11.392084477098606
8,11.26322190780747
17,18.286118532497422
9,8.6123203050983
2,3.026944210560562
11,11.266779790086854
20,19.14931500606945
2,1.8014910462642484
16,14.006510550977616
2,8.371980261190632
16,17.474018799595548
7,9.439201278413064
4,7.603253989796502
7,13.780940150598044
16,18.745756643636394
10,9.731479458883035
15,18.29477364420933
11,11.851828875228728
4,3.06746555229308
16,18.125577239573413
3,3.858237887285707
7,9.576948254260834
19,18.357506555841372
8,9.262178790587509
12,10.984755129623496
6,10.328817236615498
6,13.661184998535653
9,12.334310913069801
14,13.68554954767281
18,18.29841985940862
12,11.143060096744989
7,7.653038065700389
6,5.594691657862098
18,18.400817145356374
1,6.707654182990535
11,9.63666594948077
19,19.82016934719618
20,16.514043291455685
4,4.843563133572361
18,14.277515595655
15,13.997347413543332
2,3.095386952036966
13,12.987413580619977
19,18.653112985503263
21,16.304986328114307
22,20.01680972641629
6,9.458886283475422
2,3.7089073195440263
15,15.426164862329042
20,18.314464373048185
15,13.219645477045148
12,9.529710619239525
3,5.227515623385408
2,3.3536280748994733
4,5.329978639766535
8,12.860219260803184
2,1.3820292106681038
10,12.298453057604078
5,6.702039522554917
9,13.203458397203203
20,20.69938128829285
13,10.106919828377482
3,4.163783292178424
10,12.04135307258543
16,14.017655613749207
17,19.426182723372122
13,11.94390775317814
10,12.061022551789117
4,3.049306775020171
22,22.40139448258927
10,12.17195679805176
7,8.966505720789534
21,19.186923374644984
4,4.297116350552447
10,11.900451430487498
12,14.303355963457191
9,7.445842407274677
8,2.50546685586725
8,14.441038472998864
21,18.83347257811588
2,3.0714770009951065
19,16.231329024317244
18,18.16773146224356
17,13.47280319741319
11,12.194321384292543
10,11.138293916298874
11,9.688813335508934
14,12.213366167537208
20,17.814066307175327
8,11.996008401842435
2,3.665114995410687
16,9.064638163773187
4,11.852180011920268
3,3.152964738912936
19,18.39592180513456
8,7.243321292247399
20,20.56708274105963
8,9.196111313206153
6,5.34460932724497
4,8.11198324872283
8,12.902990893521963
15,6.662089555716693
7,9.610654925508195
15,9.132009554976133
6,7.709300472849527
16,16.231730836869076
9,11.280370085949821
12,12.65876854810536
17,17.991015062838553
14,13.561663890402281
4,8.165092979276581
14,13.444895489650019
24,20.26235747552751
9,13.154053316058002
7,7.158822673491324
8,7.902730465560775
14,9.109862279881435
8,7.155906138505566
3,6.572019080380938
13,13.737973703308844
5,9.239724125797043
14,12.775404109235168
15,12.801402728024216
1,12.23001661367456
10,13.004044710348948
19,17.88997095661518
10,9.96323047605319
4,2.9299237972629357
9,9.456165064074959
7,4.139396136440109
8,10.263499018479514
11,7.781999626370272
20,18.9556263853541
8,7.386391884381665
10,7.437477228851625
16,13.875506701440997
14,14.222945295029797
5,2.9793379716940036
17,18.482508270382585
16,18.568291190477098
17,14.44397405554389
23,19.48385442197079
2,2.5137306278412233
1,5.107813497521151
7,9.783770227259453
7,12.112501884648864
7,10.003140652135116
16,12.811367913721053
19,15.482258706575982
7,4.053070822883462
11,8.379196786000028
18,19.748487205112777
6,7.579290034781369
14,14.079499666869117
18,15.286853413361214
5,8.005867743505217
22,19.443217434202822
14,9.768179194429806
13,15.201288040112777
18,15.84028796127017
2,2.611318180070938
10,7.731373518532799
8,5.664159787729745
16,16.042787609166222
4,5.700493001205794
5,8.943106842972472
2,1.9763964295466132
4,12.177703565545379
7,10.453449300807776
18,15.165663225773033
18,16.48171587619323
14,17.45445106521515
20,20.118735926358003
3,3.613274244417409
17,17.89310535582083
19,18.66949926090078
9,6.516241416803194
6,7.882046068427285
17,14.364306040037043
3,6.851746913248617
23,21.072708525223394
16,17.81443700005872
2,2.2014007968692786
2,3.881732893090715
5,3.9199740934786345
15,12.534499288531208
3,5.301284963511823
16,18.6324864024733
8,2.3781060127218097
16,14.963990536849558
5,7.473605158313981
11,8.002297661957325
15,18.413373131058947
16,19.766108464555593
8,8.330373759477325
2,4.323896895838933
14,9.93661481919115
5,3.7463145447774058
10,13.14886511674704
22,19.45162392103754
17,16.090774656152103
9,13.886730661623263
2,5.321665377805326
2,2.4276740642744357
19,20.826661877508023
17,10.493840306135077
17,17.743415051493457
19,10.748907526564015
1,3.1773092131285385
14,10.421395474782623
17,18.102498176469304
4,4.375539190615938
2,2.890331212862268
18,14.302965794636293
1,2.4688690417475287
14,12.098351762461816
19,19.990720946397975
1,2.8232053155243073
5,5.72722371650654
8,12.64039732928379
2,3.5401349569809746
8,12.36045667395504
17,8.603702415678306
14,10.139535566009119
15,14.41379677589121
19,14.188724231679503
14,17.53514108008104
4,2.4897084320878466
9,9.226793501564716
18,17.561727148601303
11,10.652124187934087
8,8.246796445835969
13,13.504960780676493
17,19.6210556866529
2,2.3733068612205543
13,9.449556106738184
13,11.884513724329384
20,19.54139398533862
7,10.261162954242453
16,17.718787482018353
9,4.9554103603302275
5,5.781273042076507
2,8.07709826855635
14,11.669045268372598
12,12.60696972151256
11,5.278345337389717
11,17.760488573119204
1,1.3491135093587974
4,5.359835611765805
5,3.3242624152148625
11,13.142427440372165
16,14.194450495717236
5,6.935155667332695
12,11.920616335424352
15,8.24889629616772
22,21.092556972081553
10,12.71662937691694
4,3.321574276650588
20,18.75013744581682
13,17.062493956710345
1,4.3387526633926505
3,1.740177581434802
14,17.118077239573413
4,3.2018300768439145
13,12.11950029206866
10,7.616952770052073
1,2.530932158526186
12,12.978961902336199
7,7.096750064329468
23,18.264202262641167
8,8.506993567568781
15,17.850331330703767
12,12.246131722138562
17,14.350787852318158
9,6.9584665139137325
11,2.2951568802770526
13,14.815523485452475
15,12.225793204311794
5,3.8415084810347078
3,4.839175097530086
1,2.9600835981372744
15,17.51035654533492
3,5.51186687552776
9,9.181747076868746
18,16.960267623549743
15,13.739527288824863
9,14.317958789610874
13,13.555379716365353
9,13.50966127030268
9,10.095153918107641
9,8.695207158826541
4,2.9122866615332397
24,20.698700941979247
11,12.37961107642544
1,2.5893886169309366
7,9.50278809073423
2,5.527685803607974
6,6.978309458425496
2,10.114093344616778
22,20.88875
17,17.496205325803945
13,12.74252328315203
20,18.489138621608575
17,17.248650531111316
7,2.343411212644986
11,10.447551944530089
3,2.792459070511084
7,8.191513933316322
5,6.814729143373105
12,12.063824072980857
11,12.1865349803755
12,13.336817549767527
12,12.650266797695615
20,18.746159583542376
9,10.045993290782619
4,4.096401535159313
1,1.534010433673824
9,6.937389799038096
24,22.409429814954947
16,18.294471482186243
20,19.94702220384125
1,3.2144714273842943
13,14.275587658836548
1,1.6618507620812948
1,1.6185921601368485
15,14.308825635951615
5,10.087380225398691
15,13.67598811593443
23,21.338457062351814
6,1.4851245080957602
6,5.729044755610364
22,20.18875
15,8.273872564890052
14,10.614099258339557
15,10.405225159573531
5,8.035824409007011
16,11.231230310487994
7,9.55984152781944
8,10.211104509646374
15,12.357149450801154
11,9.748908230296864
7,8.610598457142878
22,20.152442447288777
6,8.900144280921666
3,5.28122814041148
5,5.820735342555522
14,13.807125731499168
12,12.892482288205581
3,11.250081719536094
4,2.6076456496376736
9,2.483992312951377
11,13.575152246818089
8,10.358478129871749
7,8.268524250098057
15,14.268944662395613
15,10.282410465353331
7,8.609026355880042
4,5.8271243005786255
4,7.578633290818698
13,9.454100936446956
1,2.688244813763614
20,20.31120103128695
16,11.784420707089241
14,11.89643195844639
3,3.1330938024742028
13,11.386536353231344
14,18.319601821114
20,19.930910744883874
2,2.0442544301355072
19,14.21760118742112
11,10.690151634957141
8,7.600759320482831
16,12.067434521893476
19,18.013207347314253
12,10.352290772330305
18,19.81627895181284
1,3.1474486636273555
9,8.771199834850902
22,20.760981937725038
8,7.768077838408041
6,10.575407455701308
4,6.802480888324523
16,17.511243918783396
5,8.971585591149555
2,1.8695852220091254
3,2.775914129509669
19,19.45551976471974
16,13.333209988345013
6,5.335055941436725
14,12.3125
20,17.996312020024273
18,18.887086465765837
11,8.688564569119952
17,14.70545212738007
11,12.77331164375119
6,14.206558918337855
6,11.055904173733996
7,9.549656094000477
7,11.985697835613557
14,14.019097867002259
17,14.7065
16,17.414278553708133
9,12.640276149059229
20,17.996093157270426
22,19.054480337977985
17,14.350852897591476
12,12.639018681205574
13,14.085447717911808
11,16.52697581274356
16,17.625265337420107
9,9.537747761495236
21,20.14278851145639
10,12.468128249371405
8,7.676252408022655
18,19.730606836003115
6,10.824318705747318
18,19.809336359416136
17,13.65164160225771
10,7.607698750374826
19,18.31766301847022
3,3.640678134708356
5,3.053777506150289
14,12.588635807439411
21,18.218137585772528
2,2.676657356948523
5,5.743037435895668
17,17.32162080146359
20,19.914346658147473
15,14.146877301871696
13,7.584557660829425
15,12.746911618420597
17,16.881620826324596
19,19.570749414172422
23,20.132363986878744
17,17.000403718871862
7,14.281703108058402
24,21.03594993656699
13,8.178684447537051
6,8.672874208494969
5,7.616218339061041
10,6.464398619428687
4,8.69206783597317
10,13.855729392862226
18,17.740984161008846
9,9.601611774061485
5,4.847359247323414
18,16.880850850545336
14,13.344793823555413
17,20.098366717566297
14,10.688593888684869
14,15.90592296322809
2,1.4759514906876665
3,1.5926139067271072
9,10.865316803820432
17,15.837271057099851
2,2.7051948396042373
13,10.657366735567688
11,8.334747085452207
18,19.44920298356505
4,7.930965677953761
13,13.332104065389794
4,4.395526005877804
13,11.449187243380923
12,13.839948495644617
10,10.83734954586507
18,17.516517094327313
3,6.603988797569177
20,19.405140193575974
3,4.129768916316905
9,8.403321100662968
14,13.424330569063224
6,7.2184733905327025
5,12.111982978052174
19,20.066305914966136
5,4.317928320620266
8,9.448824863284454
13,13.734079713254896
16,18.376711506269075
20,20.156106613956997
8,13.333262649187125
8,9.610429093530472
22,20.569037245978716
1,1.61609482218186
4,4.892931463588524
20,17.832884401746757
17,18.87954481493652
18,14.812948153771947
4,8.533753398175811
4,8.242005479879758
20,20.01693839378277
19,18.136599272093882
9,11.979748462092095
18,14.27037471412813
8,10.686009485254546
15,19.067839297505888
6,8.171648486214027
10,9.25611014832978
14,11.765182645582383
9,7.868089703279968
8,8.146490605365615
3,2.664854809106094
10,12.797429219101804
2,5.691469362951632
21,19.294975152387607
20,18.628894653191995
20,14.356820808097943
6,4.240449958170597
6,7.837767752155528
3,2.25953904881476
9,12.159904453650624
13,12.80092352611797
18,17.388835646620347
13,12.361627106891929
17,14.279000000000002
15,13.84484645266621
17,14.61111962683736
15,10.260877720970555
14,10.54368467921157
12,1.326672264392607
1,5.012072532596707
23,20.338165310597322
18,18.70444265687765
8,9.080817813091063
2,2.5310654601672566
2,3.2847583967652216
19,19.88325111972289
11,14.271869383270484
20,21.154997917041406
5,4.412076879210053
4,5.498618482109258
17,18.124451693176344
4,4.647052584514182
15,12.49271182088551
3,6.787771273960882
14,14.23792226472402
20,18.823396064399237
8,8.805080689962358
16,17.440300680685638
10,14.35001081348701
9,10.69861933533121
5,7.289999753863206
10,7.346265282377883
20,18.50255467839291
8,9.092118482962752
1,4.4585061093521
12,11.014062294734922
1,1.4404920729911594
3,7.374653314809941
16,9.551811829918687
18,17.266127657229813
7,1.9433521285661677
8,3.988793887937186
11,4.494530284648644
13,11.19051489822633
4,10.578059247078272
2,2.443005581913469
6,5.749719811518579
20,20.98976678055957
9,11.334533140172164
8,8.495787480297562
16,20.361793208935957
24,21.861607753498646
18,18.568475448897118
6,5.475852991855387
10,8.313917026704724
14,12.805496503518716
3,11.784161251715796
20,18.209003800993905
2,2.1192125865975
17,18.39818915628294
5,5.850437081342317
10,13.139785374883362
6,8.203597356189466
16,14.55689769215226
10,9.708296901186866
2,3.551755497871677
11,8.560410397765368
22,20.169357065887827
16,14.436220633956207
7,8.431602571139047
9,10.175421798505457
19,19.823952644146072
1,4.804312631428293
22,17.675837286525017
11,13.981780826241595
9,9.267038252446683
3,5.8031652072814355
21,19.331083742577587
12,10.624849102078771
8,8.93505656636035
19,19.334560353512313
8,6.98097843608336
19,19.198292741438376
16,10.999119882437167
15,17.444078533513096
14,16.466103409292202
17,17.511059627561202
6,4.8416612463881314
10,13.477047205731274
1,3.1242139181785307
8,7.660344710946688
1,1.4707967733724445
20,18.775772775283748
7,8.132694524232308
3,2.8683379806076674
15,11.519964644314639
10,6.330909022927289
11,10.515034935521122
10,8.977906058287
5,12.345036587491114
14,11.910187474210572
15,11.877014856188602
12,8.494986100612126
16,12.003658979042275
5,5.031285634810236
13,14.63758022274632
4,6.3301667279459854
11,10.765844698691872
14,3.707104340122662
24,21.40371509552129
19,17.689413627846797
1,2.0527617733097454
4,9.878865899430718
9,8.289577128887949
19,20.012566758925633
10,5.449084515916365
11,5.710130890130191
16,17.76308465899512
8,7.582844679656408
5,4.563492961980051
4,6.536720434809273
2,2.9605273666097793
14,11.410824488321191
11,10.296216735036772
7,8.491911090491689
10,10.709238910893298
4,7.256063222184764
6,6.622785504271689
10,12.406645478234747
8,10.097710883560563
9,9.078775079514209
11,5.953320097941758
19,19.795570078848577
6,12.751314337990316
7,9.104846519355917
14,14.213827907413378
18,18.109270293161007
14,12.324396245874759
5,6.7184967779485065
4,13.730582484731066
14,12.258712234666152
5,4.62437180714974
24,20.751509683231554
16,17.606431679671346
2,5.480726120775335
7,8.380507699418601
13,10.978039353553235
12,14.231615273229533
13,11.134700563971144
17,13.846957996558531
20,18.370209449227833
13,14.543954410347292
10,12.951840182167384
12,13.94325855071282
11,9.631685730000475
10,10.255306154360715
15,16.709884411834807
9,7.8474007583305445
4,7.917132011810105
15,13.848880334341937
2,5.671214273240057
2,5.1725109273150665
6,10.097291152513446
14,20.050499111517887
5,4.7955190246635375
11,9.926657227659442
6,6.9575894991199005
20,21.212043776879945
19,18.13380999078003
2,2.403735561637873
2,1.4460851922936495
20,18.84060415449358
3,2.559188830049282
3,1.3380164005576136
19,17.826464767725653
1,2.5760301755490587
18,18.235475554667474
8,8.392726583944718
10,8.819141309154695
12,6.7830867413876454
9,8.918175301133648
14,14.236024972418933
3,5.252830948386157
14,14.95888228987684
9,8.263264842894994
4,3.5231441112457618
8,9.084694113474594
11,8.482845327860803
18,17.619821114812986
1,1.420249870566969
6,8.637976356528155
2,10.562876086210087
2,1.8240264859891053
10,14.019538371914523
12,11.326530483691467
17,12.615
6,8.92987738484625
3,5.964171950698833
14,13.272673531668245
6,7.625691020084472
12,13.178453450929224
20,17.8167962705787
1,1.9647287608075426
8,11.833750954005124
1,1.4117902681864287
4,4.084401014109613
4,5.320133664483685
13,9.068268153105324
7,9.837088836359813
9,12.218519356801284
19,17.186775898138755
16,20.115959535563817
4,7.4649622524916275
17,19.56678341683475
9,13.59942452198824
2,2.2718192860839377
17,14.428013856900503
8,7.292988720569018
3,4.4548320466628
12,9.06283625419542
19,17.002397561278755
12,13.616062632429616
12,8.70206628884785
19,19.550833333333333
13,8.708543064596928
8,2.0221567240821994
12,10.068995014262796
3,1.9399903875331481
9,10.192480726056019
12,13.819351220358735
1,3.4910443502852155
7,4.419952757940859
15,13.911213505333684
8,3.963246698013622
4,3.5858107265666974
10,10.4375
14,9.908692704918948
4,4.972045262450068
13,14.037416123028404
15,14.078441095740827
10,11.242070493519822
21,19.930738876788944
18,18.557558414358983
20,20.026369728469568
17,14.086895155662724
17,19.8675
18,18.156279528124305
17,11.843000866965252
9,12.724900750131676
3,10.688333626801546
22,19.500299175104274
5,9.485587928240403
17,17.119136802560927
4,4.697639837855519
19,18.134884633422953
2,4.736659999599749
11,12.139843051606785
3,7.370537036104952
1,2.4399669840813396
13,12.418153431577464
15,12.14183173213595
1,1.3740535131058886
16,14.386032902064988
1,1.3310877645432029
15,11.679811147967836
8,5.29047641369658
18,18.15567345766978
1,1.5659789145733753
7,6.435532679266666
5,9.665966081457832
20,19.869872785090564
17,8.372673100666775
7,7.7345818766536265
18,14.100339714439402
14,18.239070786219305
18,20.043187185105165
3,1.6655260346748866
2,5.531129831261836
12,6.842450578756136
8,12.14826872983353
2,2.694619389772871
11,10.623540226760529
21,16.2585083589159
4,3.569100951865627
7,7.949165928408807
16,17.693329579472874
2,3.5481689316903413
6,8.604865513190376
6,4.339572423516872
12,14.619199925381693
1,2.0381652447748153
13,9.175483866769037
2,3.654410665082955
19,15.605709758548901
17,16.72959568963283
12,8.968380901476285
20,20.82848937274933
17,15.227826273995026
15,12.96770691853211
14,13.585591993047435
2,2.3942394910576104
8,6.505910513203098
5,8.666860926222975
21,19.78692735841131
18,18.333482462597928
17,20.345
24,22.94682528833589
12,11.600027132233743
16,14.210356935270024
7,9.228693125927439
17,19.13462646689323
3,5.8972328787067285
7,11.95904833585465
19,13.964168802866142
6,2.9543399931387575
11,12.584991200865513
6,7.207382232315862
8,7.571330604813815
2,3.8584628133385093
7,7.903084847496257
9,7.845664100521049
1,2.502744484353967
4,2.8291136855765244
2,1.766577145873487
20,18.371752731720125
14,10.756801135774415
9,8.10983391457262
8,5.691698967124267
10,6.885233089376429
13,12.867078502325946
3,3.181450872477838
19,17.566252206136415
17,10.832780222336082
15,12.802256152663265
18,19.799594516580132
16,10.926013321734988
8,6.20811841114739
17,19.0
3,2.4713425671309963
9,9.745668488756253
4,7.713353686659562
7,6.994480944374958
8,9.701176846193396
12,10.734615459319992
4,9.75796549804369
11,13.034082960318027
12,16.702389155495904
19,15.036670363585609
11,13.387392165910008
2,1.4199387328200899
16,11.248360910327555
4,6.157635838177494
7,9.983382024321376
16,14.248817198909853
10,10.186584107405551
2,2.993604031662745
7,6.066463037840686
8,9.306280013573872
7,6.568146513249181
1,4.053089328257998
13,14.51744787021796
11,12.204337152398612
1,1.511404009560985
18,18.646325270902395
17,12.103968400987883
20,16.688073859039093
1,1.5414916670780026
5,8.144884194237397
19,20.832239106362195
2,2.5030834453391035
15,14.24416669363256
16,9.863575246021915
10,8.167198029679811
3,3.8575352704297337
8,5.400874249602707
5,4.346182601258047
6,5.266007622694848
12,9.492980400774627
4,12.670862385355493
19,18.01982777218219
6,4.636168839940903
4,9.329807581344923
15,9.597944390672067
13,9.180811991923825
8,8.626217816519834
1,1.5855871779658601
2,3.36782815842765
4,8.000307079325422
17,19.50678526032512
10,6.275346471475924
10,1.497837363285207
5,7.448818923080548
14,9.644633340862105
5,3.179110871240097
2,2.922543302260874
13,13.762538168643609
11,10.152301101099651
15,9.017873912242475
10,8.920205905868038
8,8.887171503022062
16,14.342032250920717
16,9.77366655084055
12,11.215555285664
3,4.194655783244635
22,20.430707693292632
3,6.266850012023597
9,8.593719817267532
19,19.814761126828365
22,19.151517585348035
9,10.779690196233647
1,3.8304159153294957
6,10.725299697283171
2,4.174308098303179
8,8.02144173743553
22,20.328866220755803
22,18.064166666666665
22,20.501502477360056
11,14.214341545982927
8,12.580812713689683
17,12.126462601526148
2,1.6655260346748866
13,9.319427894011707
18,17.594467350130348
13,14.486500000000001
17,17.345566012347657
4,5.339260984049821
10,8.456203825748144
24,20.782663216576175
15,12.38161371356412
12,11.489543620785103
17,18.124080865036458
9,11.158871360576365
16,11.193154727815335
14,14.195108134132305
19,18.437213261647518
3,5.235088268403684
17,10.918753854677247
12,9.406618356494679
2,7.712794111490298
12,13.808580514199758
20,20.122306212579186
1,1.7731077925713208
14,12.215512700597492
8,9.16113063679621
18,18.387117213178648
8,10.975987066992353
2,3.676531299394748
19,14.174484148405812
18,10.442857599035166
12,14.274090756354864
20,14.5029259997719
11,14.128345985009195
7,10.457399188532783
18,17.397372896155776
12,12.470359773185205
16,18.796085268143806
3,3.3995742830351037
15,12.544292888287952
6,10.3434726796988
19,17.680831002294312
1,1.5535911855440434
1,2.1431699055507467
6,9.380485637736331
11,8.278255676015945
15,14.14182393345242
3,4.033157700065746
4,5.430596629769319
3,5.70688472533522
4,9.824245423299962
17,13.54552256103832
10,11.556406373811578
18,18.152829915159092
11,13.900601782256663
18,20.38875
5,9.56613127914929
17,18.12710286261475
20,18.335329806221583
19,19.905502261946282
7,7.999831403233962
7,7.8673370558102285
8,5.447624656928464
13,8.016639512338593
18,18.88469404073193
12,12.318038631157396
21,20.26297743969946
10,8.38923178225646
11,14.198455589276085
11,8.879177142374122
10,6.680374147948268
11,12.034039121403902
8,13.224858723907914
3,6.032290393013272
8,2.788825974934755
3,3.93961035158089
6,7.692471856831593
1,2.2946558056104926
4,5.538355203822396
4,5.432531389602605
2,4.564442678496107
11,10.346398448812394
6,9.69738168166161
13,13.036927444239714
20,20.62322845539587
10,12.577110823612683
20,18.56553783210316
1,8.272889076361327
19,17.863017668843096
1,1.2379492876818872
5,6.69668008989256
1,2.094765001561886
16,14.230929549616933
19,20.0978602229202
20,20.246600278306275
16,14.358260547841539
1,2.176304526709589
1,3.6212293302256278
9,7.4060472924925485
2,3.675455364138815
6,7.231381059174148
16,18.003649373190502
11,14.353824765501987
20,20.043404039610994
20,17.72031585983239
3,2.4270620103115834
4,4.80192563647782
12,8.932679773160984
4,2.352340072409137
14,12.191888153868195
15,8.296919895657565
1,3.774532713392408
7,7.5100764738329495
14,14.005903101212343
20,19.50813954590239
16,11.338405939711413
16,14.125815408656209
5,4.064755040014393
2,2.704713262181835
5,8.550639157874963
3,3.528765438514642
18,17.041237457899175
1,1.5227785290001683
9,12.224635727781779
14,11.51572056608521
13,13.265358235115556
13,7.692883653746122
13,10.643636394655491
14,18.787919534017828
22,21.4332412222599
11,13.673428443884251
14,18.442701642196653
15,11.60053030851137
14,11.061472225917399
2,1.289365210174231
10,9.768323410532318
1,3.0670469604011
21,18.546862132769753
1,2.618747353405337
18,17.461814009855
20,19.637156955803558
16,14.307484504159108
8,9.701638164584642
16,13.363235468568558
2,5.7672139906563045
3,2.47450659612626
5,6.419409105241049
9,6.956551205396763
4,2.7814763769431328
15,15.963593848326118
2,6.853158101286931
4,3.7663299431672765
20,18.958855655098585
7,9.028615760327005
16,17.633795399801024
10,10.259072285714046
21,20.08482936487064
8,10.160116918693785
2,4.262307378624667
17,14.33456355324214
23,21.038721403971614
12,13.61145680849636
18,15.655450838376753
13,15.761035841508406
18,14.787071975418064
6,3.9220975281159913
10,13.95638293944893
14,10.067330684438044
14,8.437849273655342
20,17.960118742493215
3,9.00266368725861
16,18.139186866138083
12,14.164543370384367
20,20.140940509270322
12,13.455380214647255
16,13.12999913896241
2,8.125922331393124
8,12.944225609064153
6,9.414869479965368
16,17.05822191779309
4,12.554088088595996
7,8.195726841006993
5,5.757186369225297
6,7.029459630112993
17,17.638474471062533
14,17.92909916345812
15,14.250728905286595
12,12.344087886895224
4,5.335207333752617
10,8.989124586897201
11,8.044981102658912
14,13.999891268227794
2,3.0559890015904414
17,19.683362530883226
7,5.990107044761448
1,2.119894182682017
7,11.965575617188305
3,4.395569191411892
7,8.758409406846516
6,5.923575489558738
18,18.496058226010643
8,6.229050677286217
19,20.11375922463009
6,7.46157240427418
11,8.149558779823296
18,13.113038051130223
1,1.9518825869335024
7,8.845658762234788
6,7.566948711885015
19,15.280164646047028
20,17.466568123076385
14,12.671924677301984
9,7.610989652691276
18,18.26156721520524
2,3.2894883573017473
9,9.348616503574904
1,6.7700834335292335
1,1.6385616535188914
13,13.820610384690315
3,8.036080409139574
16,9.959978615172112
18,17.77035110755259
10,11.392125725541034
19,14.334702788645389
14,10.04447526108047
14,19.918930506986747
13,18.798801681197464
1,1.361687902919547
22,18.139497998009634
19,18.159510574816586
9,4.5134680452106855
24,22.126570254336865
6,13.672142734433718
13,9.537217326643699
19,17.57724177935281
3,11.188905915300237
6,4.303108526822936
12,14.23682472297204
17,15.01165132358105
10,9.792176994083304
2,1.8058881475031197
15,13.808678430950847
20,19.22047093773925
1,3.3760857274826996
13,14.347338816825996
20,20.235068544816503
20,17.557344990912647
12,12.410925183517225
1,1.5739108695707769
9,9.833158113026936
12,7.628199602622236
4,5.036781721326225
8,10.361130726435595
22,18.838388601903244
19,19.712925421971807
9,9.571042555056746
18,17.555141754532286
12,14.365
16,14.311055370241109
14,13.827279649093212
14,17.63226470397456
1,1.3120644775250003
3,6.625344070968973
14,13.424903330592553
9,7.331581116327486
23,18.582702482129537
19,19.742501839164515
10,5.316913112607247
7,3.6417971382775285
7,12.872212252309495
6,7.582709673103459
6,7.36358129428038
21,18.089911354935943
4,7.836753886321183
10,10.257754015372347
1,1.7448132720844958
2,6.87353421126502
11,13.366534646489592
6,3.6626515140150473
11,9.64167618306813
5,8.255649021528333
20,18.846433311242617
13,5.20873113221087
2,3.5716883529953822
9,7.476079765674777
18,17.30045044318086
5,6.9465183675969975
12,12.780627737855355
20,16.84493765207147
10,10.978624674733412
12,12.446790854994582
11,13.564729852886915
22,20.76349926000527
4,3.605253221129751
14,17.6375
1,1.818875836261163
8,8.706336532741272
14,15.184553805676565
8,9.01835814747962
17,14.962296113082404
4,6.28393849007565
7,9.802554643254693
5,6.898483763820159
14,14.06957887658648
8,11.136011301965894
10,12.152611518175066
11,12.787609425950034
7,7.013658901890111
15,18.09781888717509
7,8.65410555392915
16,18.689118967095666
19,18.207538514166536
19,19.92712369463864
2,5.127659062968994
8,8.720793533676646
13,7.637531138596284
23,20.40980751143249
6,5.820596017162881
17,14.225506652951587
13,9.725916630753169
16,16.267135704125984
3,2.37947128253259
20,17.906550860538786
17,10.439390451310565
2,5.500025382544823
20,20.95038518972274
8,11.235711233501654
5,8.25025307168775
20,16.940779389104343
9,5.5944563279547435
6,7.212370363905411
14,9.120792609608303
3,4.657621967814894
14,12.414319411428805
11,14.281288995449243
19,14.354956310404363
10,8.385635221321412
16,15.05554035598622
19,18.11839363582801
6,9.239544574935225
13,14.398341019758957
2,8.001206634438706
19,19.776610361085588
18,18.217078896351182
22,20.10125
5,4.545788916852754
18,14.39723989846109
5,9.377044444641907
8,11.068252656867692
17,19.682251942663783
6,11.25812339839075
19,18.329905768443258
16,7.127848557725247
1,2.611318180070938
18,19.490491299815766
12,8.967857251085224
15,12.103957890533067
2,5.742155067831706
1,2.467429899567321
15,5.875379238378172
5,7.125480773221662
13,9.660219177240172
16,15.19713413137071
13,12.541007151115805
2,4.850045701674532
11,9.8698606232848
7,8.411981401915439
14,14.182952342260348
6,5.3295289467723945
21,19.298522727272726
9,12.607122852829413
12,10.93683414773861
17,18.136967576162252
3,4.5414588635511475
7,5.791589967479498
4,1.9038204281258353
15,16.352553800979063
12,11.990396786724236
5,3.996583231354038
9,7.76415071460449
11,10.532745027192313
18,19.752564244401476
16,15.289493113393066
12,11.229634222978428
20,17.619297573984827
20,18.865655581363512
8,7.907719975734597
11,9.426670396302622
6,6.4384444044144615
7,7.945886217816249
19,18.022573768653174
10,13.3125
11,13.407273329235668
1,7.168709678866069
10,13.695659026369981
14,10.866124123653167
12,9.636644458312905
7,13.406578330859116
17,8.736922690081578
4,6.162832150592245
9,1.771017715707287
6,3.018121375553108
5,3.826626281344545
16,11.958696913473691
1,2.4531264683833225
18,17.33535494250974
22,20.513346203000015
11,8.457496512295403
4,6.893049661667721
13,11.849408970687795
15,14.761196620185787
6,10.167052133050602
7,10.71309376151382
1,4.452005386085845
10,9.991574994601164
12,12.409519849815958
10,14.248767929868132
20,20.030872878324907
17,15.248289548497812
4,3.8164003759865146
8,8.419881373422239
12,8.260492322042358
5,5.282130890911588
17,16.42886836274732
21,18.213481558721238
22,19.222683437477116
5,5.060833303913396
15,17.7343682888429
5,2.5966946572681473
14,8.967636281164397
21,17.26360331574532
2,3.6707551458449386
5,6.6620283029588245
18,14.350557880566173
8,10.193659160816567
13,12.796777606593182
3,4.729639041584666
16,12.418662974186297
9,12.25577561319352
12,13.648377171037055
6,5.4707355172710495
5,7.934038895838899
12,11.633901937324433
16,18.683951162484952
13,13.615780417918343
24,17.824867287583082
19,19.8304312974085
1,1.9136666946634053
1,1.4351129539529088
15,16.473825733296863
18,19.526801035831202
6,8.37809174177074
3,2.9937971956246976
6,10.40403698812476
1,2.4774907201734018
1,2.730930451911531
2,5.983493349776008
20,20.1932467783869
9,8.647510845404817
12,13.385339708803679
20,19.915093169319768
9,8.512912210290777
14,13.347793685244499
19,19.02012903276335
14,19.583372404423443
12,10.403718072268266
5,3.321786474918162
18,19.238973013891265
11,9.447079583251623
8,12.67630200686603
17,15.90067137415442
5,3.060062094703462
22,20.845637370605882
8,12.456699289090597
12,13.097413115263699
4,4.386235471875642
9,8.906609742290554
18,18.79700624648962
4,2.9248608803125653
15,13.171348143153663
14,11.021287988642905
17,18.051021425578895
21,16.164692409119525
10,10.9383434837911
18,14.041211508358561
16,14.408311360445872
6,7.5591505080008865
5,5.343697951724381
14,9.551235969454162
2,1.6979159611744632
11,9.403312796676307
3,7.54070689125148
10,11.371885783104126
8,8.927057970141085
18,18.666904045015244
3,12.08252107684058
20,20.113546788590398
14,17.078767842955745
20,19.28327659454113
8,7.775365317088301
13,10.082849049280162
14,7.2264955835994495
4,4.666428571428572
12,13.47762316873502
20,18.739950160074528
16,13.980023439164535
3,3.1802449867594955
3,2.605758024306996
2,1.9299783205605647
2,3.738738873971105
9,7.908227113646129
17,20.157583562404124
4,7.68411909805071
17,18.514157326060655
15,13.762406975769693
2,8.087327252335621
11,10.83107125801639
8,8.155400927652666
6,6.870283595861865
1,3.5329196823021043
4,8.257455173336282
6,7.805902191222412
17,19.571371699242388
13,8.435877466494647
14,8.945084056160495
7,8.288541234330193
2,3.29204745674287
3,7.76994243039805
19,20.280502528946034
13,11.248181244770105
20,20.3664184843152
19,17.530892428056497
18,19.932468975086415
16,15.668474031659944
17,18.776356465137226
6,6.2188259416078235
5,8.021727193406077
7,10.413305653424842
16,14.743443336748191
8,6.351345553488743
12,18.3551045508131
17,12.188937021324438
5,5.071532556474583
18,17.98431875607362
16,13.12492796580872
8,10.060248184344676
12,2.155102917131948
5,8.924142816200415
17,13.492321367956126
12,12.600563536582824
11,12.588828155460282
1,5.010144909564644
18,12.852824744039088
2,5.5871902642861775
20,18.130298268503026
11,9.861800128990525
6,3.392289527606916
10,13.345394569453141
14,8.291896345692168
12,12.342985615856986
10,11.893122897972573
9,9.606047647588309
7,7.932051619424092
4,6.014533207867787
17,14.34349354265979
5,5.073816449585883
18,19.615213171992686
7,9.230528102080308
12,12.084108593897051
18,14.883554769333486
1,1.6516891514127547
18,17.517251222890255
10,8.615692206025912
18,18.129742259441517
9,9.546946743144822
18,17.640353589132086
14,13.892332820611273
5,7.013287178610465
11,13.90870785985172
3,3.3650746043743793
10,6.595610933513789
7,3.7872010070428472
15,17.57020644469546
1,2.806362370193952
14,10.137345158692895
14,10.652006526823948
8,8.181801508257609
8,8.318715868920602
7,2.8023139814636893
9,10.442913169319352
4,3.6186132681120973
24,6.859476456136464
16,10.61948906233419
9,14.065982796923183
4,3.8175165580304378
13,19.256126536557314
4,4.627805162114009
17,17.777523962602803
7,3.780938687560172
2,3.358512045795184
9,2.9668379716940034
12,9.21000867380605
15,12.716439612882654
13,12.925135180619089
8,5.675303893470192
17,15.608965967879719
10,9.140228107045669
2,2.8947310813694855
19,17.619305960917607
20,18.207931036197586
11,12.923205346992296
22,20.574903090058314
22,18.487822644426952
12,8.16437675777454
15,8.554266801294347
9,8.02129135079232
3,3.541988973952901
12,14.296821975882104
9,12.600259380914714
18,20.1899646901968
6,8.03444434648686
9,9.567425971689687
20,18.071975966408797
4,3.845935437873121
17,17.88145778081544
1,2.187366392882327
8,9.840326295899134
16,17.693527858396564
16,14.916929480141675
8,9.760474031414802
19,17.757424489021837
4,6.011896664810703
9,7.549623693054824
7,11.290799839490726
14,18.58091856060606
15,15.053115591526273
22,21.163095704733177
1,1.7460730186371345
4,5.344226785570304
15,13.686550800413361
13,12.454220095787019
2,4.116652073633462
4,5.449877331438831
20,19.93335224327781
20,19.92204945237577
10,10.46158369531795
1,2.616307798231123
9,8.751938202576273
4,4.051278727175326
13,10.839427030565178
7,2.4329952989792667
14,9.796204083554592
22,18.242560605559916
13,11.59955831556157
13,11.080936686216901
7,5.780363984376844
13,10.708031333980546
19,19.88027580894597
14,9.999489521131407
17,15.105
6,7.411227072082201
5,3.3828431235955154
14,14.199568309844212
7,4.645152950584076
6,6.972129667497807
9,10.135773218814615
3,5.565513321911202
3,3.2063888365952637
16,12.66617493793705
18,19.838548880793596
4,3.9526113749909326
8,10.57016976698149
6,10.33001676813498
13,6.547586765731616
18,14.602976921076417
3,3.214578493559034
9,10.05737993381112
5,10.06036553703183
16,14.334014699257352
18,17.059046913189277
19,21.834707396356215
19,18.852814449898837
15,14.353704656382115
20,19.67096862596302
7,12.660204968759588
3,2.3559371407307284
18,19.190549011653836
15,10.594810005534976
5,4.999192389716845
15,17.231598941744004
12,12.759790630503527
6,11.32935910916943
15,11.649916738392877
13,12.918560784931094
8,1.9681594612681599
22,20.039252149165417
9,8.674910931558168
